{"cameraMode":{"drawMode":0,"name":"Shaded","section":"Shading Mode"},"sceneLighting":false,"audioPlay":false,"sceneViewState":{"m_AlwaysRefresh":false,"showFog":true,"showSkybox":false,"showFlares":true,"showImageEffects":true,"showParticleSystems":true,"showVisualEffectGraphs":true,"m_FxEnabled":true},"in2DMode":false,"pivot":{"x":-0.00008392333984375,"y":1.3571555614471436,"z":0.03308090567588806},"rotation":{"x":-0.1959991604089737,"y":0.7633872032165527,"z":-0.27076250314712527,"w":-0.5527649521827698},"size":1.9123462438583375,"orthographic":false}