{"cameraMode":{"drawMode":0,"name":"Shaded","section":"Shading Mode"},"sceneLighting":true,"audioPlay":false,"sceneViewState":{"m_AlwaysRefresh":false,"showFog":true,"showSkybox":true,"showFlares":true,"showImageEffects":true,"showParticleSystems":true,"showVisualEffectGraphs":true,"m_FxEnabled":true},"in2DMode":false,"pivot":{"x":-69.67062377929688,"y":-4.944726943969727,"z":45.40055847167969},"rotation":{"x":0.019801879301667215,"y":-0.7075690627098084,"z":0.022215694189071657,"w":0.7062100172042847},"size":2.0602614879608156,"orthographic":false}